Index,Title,Author,URL,Description
1,"Game 1","Unknown","",""
2,"Game 2","Unknown","",""
3,"Game 3","Unknown","",""
4,"Game 4","Unknown","",""
5,"Game 5","Unknown","",""
6,"Game 6","Unknown","",""
7,"Game 7","Unknown","",""
8,"Game 8","Unknown","",""
9,"Game 9","Unknown","",""
10,"Game 10","Unknown","",""
11,"Game 11","Unknown","",""
12,"Game 12","Unknown","",""
13,"Game 13","Unknown","",""
14,"Game 14","Unknown","",""
15,"Game 15","Unknown","",""
16,"Game 16","Unknown","",""
17,"Game 17","Unknown","",""
18,"Game 18","Unknown","",""
19,"Game 19","Unknown","",""
20,"Game 20","Unknown","",""
21,"Game 21","Unknown","",""
22,"Game 22","Unknown","",""
23,"Game 23","Unknown","",""
24,"Game 24","Unknown","",""
25,"Game 25","Unknown","",""
26,"Game 26","Unknown","",""
27,"Game 27","Unknown","",""
28,"Game 28","Unknown","",""
29,"Game 29","Unknown","",""